<?xml version="1.0"?>
<eml:eml xmlns:eml="eml://ecoinformatics.org/eml-2.1.1" xmlns:dc="http://purl.org/dc/terms/" xmlns:xsi="http://www.w3.org/2001/XMLSchema-instance" xsi:schemaLocation="eml://ecoinformatics.org/eml-2.1.1 http://rs.gbif.org/schema/eml-gbif-profile/1.1/eml.xsd" packageId="https://ipt.gbif.org/resource?id=zeigerwerte/v1.0" system="http://gbif.org" scope="system" xml:lang="eng">
	<dataset>
		<title xml:lang="eng">MycoBank</title>
		<creator>
			<individualName>
				<givenName>V.</givenName>
				<surName>Robert</surName>
			</individualName>
		</creator>
		<creator>
			<individualName>
				<givenName>G.</givenName>
				<surName>Stegehuis</surName>
			</individualName>
		</creator>
		<creator>
			<individualName>
				<givenName>J.</givenName>
				<surName>Stalpers</surName>
			</individualName>
		</creator>
		<metadataProvider>
			<individualName>
				<givenName>Markus</givenName>
				<surName>D&#xF6;ring</surName>
			</individualName>
		</metadataProvider>
		<pubDate>2018-10-31</pubDate>
		<language>eng</language>
		<abstract>
			<para>MycoBank is an on-line database aimed as a service to the mycological and scientific society by documenting mycological nomenclatural novelties (new names and combinations) and associated data, for example descriptions and illustrations. The nomenclatural novelties will each be allocated a unique MycoBank number that can be cited in the publication where the nomenclatural novelty is introduced. These numbers will also be used by the nomenclatural database Index Fungorum.</para>
			<para>Nomenclatural experts will be available to check the validity, legitimacy and linguistic correctness of the proposed names in order to avoid nomenclatural errors; however, no censorship whatsoever, (nomenclatural or taxonomic) will be exerted by MycoBank. Deposited names will remain -when desired- strictly confidential until after publication, and will then be accessible through MycoBank, Index Fungorum, GBIF and other international biodiversity initiatives, where they will further be linked to other databases to realise a species bank that eventually will link all databases of life. MycoBank will (when applicable) provide onward links to other databases containing, for example, living cultures, DNA data, reference specimens and pleomorphic names linked to the same holomorph. Authors intending to publish nomenclatural novelties are encouraged to contribute to this new initiative.</para>
		</abstract>
		<keywordSet>
			<keyword>checklist</keyword>
			<keyword>fungi</keyword>
			<keyword>nomenclator</keyword>
			<keywordThesaurus>GBIF Dataset Type Vocabulary: http://rs.gbif.org/vocabulary/gbif/dataset_type.xml</keywordThesaurus>
		</keywordSet>
		<intellectualRights>
			<para>To the extent possible under law, the publisher has waived all rights to these data and has dedicated them to the <ulink url="http://creativecommons.org/publicdomain/zero/1.0/legalcode"><citetitle>Public Domain (CC0 1.0)</citetitle></ulink>. Users may copy, modify, distribute and use the work, including for commercial purposes, without restriction.</para>
		</intellectualRights>
		<distribution scope="document">
		<online>
		<url function="information">http://www.mycobank.org/</url>
		</online>
		</distribution>
		<contact>
			<individualName>
				<givenName>Konstanze</givenName>
				<surName>Bensch</surName>
			</individualName>
			<electronicMailAddress>k.bensch@mycobank.org</electronicMailAddress>
		</contact>
	</dataset>
	<additionalMetadata>
		<metadata>
			<gbif>
				<dateStamp>2018-11-23T06:17:54.395+02:00</dateStamp>
				<hierarchyLevel>dataset</hierarchyLevel>
			</gbif>
		</metadata>
	</additionalMetadata>
</eml:eml>
