<archive xmlns="http://rs.tdwg.org/dwc/text/" metadata="eml.xml">
  <core encoding="UTF-8" fieldsTerminatedBy=";" linesTerminatedBy="\n" fieldsEnclosedBy="" ignoreHeaderLines="1" rowType="http://rs.tdwg.org/dwc/terms/Taxon">
    <files>
      <location>mycobank.csv</location>
    </files>
    <id index="0" />
    <field index="0" term="http://rs.tdwg.org/dwc/terms/taxonID"/>
    <field index="1" term="http://rs.tdwg.org/dwc/terms/scientificName"/>
    <field index="2" term="http://rs.tdwg.org/dwc/terms/scientificNameAuthorship"/>
    <field index="3" term="http://rs.tdwg.org/dwc/terms/namePublishedInYear"/>
    <field index="5" term="http://rs.tdwg.org/dwc/terms/acceptedNameUsage"/>
    <field index="6" term="http://rs.tdwg.org/dwc/terms/higherClassification"/>
    <field index="7" term="http://purl.org/dc/terms/references"/>
    <field default="Fungi" term="http://rs.tdwg.org/dwc/terms/kingdom"/>
  </core>
</archive>
